<ActionStruct xmlns:xsi="http://www.w3.org/2001/XMLSchema-instance" xmlns:xsd="http://www.w3.org/2001/XMLSchema"><Steps><StepStruct><ID>1</ID><VBScript>SAPGuiSession("Session").SAPGuiWindow("SAP Easy Access").Resize 103,25</VBScript><HighlightID/><Snapshot/></StepStruct><StepStruct><ID>2</ID><VBScript>SAPGuiSession("Session").SAPGuiWindow("SAP Easy Access").SAPGuiOKCode("OKCode").Set "su01"</VBScript><HighlightID>21</HighlightID><Snapshot>.\Snapshots\ssf1.png</Snapshot></StepStruct><StepStruct><ID>3</ID><VBScript>SAPGuiSession("Session").SAPGuiWindow("SAP Easy Access").SendKey ENTER</VBScript><HighlightID>0</HighlightID><Snapshot>.\Snapshots\ssf1.png</Snapshot></StepStruct><StepStruct><ID>4</ID><VBScript>SAPGuiSession("Session").SAPGuiWindow("User Maintenance: Initial").SAPGuiEdit("User").Set Parameter("user")</VBScript><HighlightID>32</HighlightID><Snapshot>.\Snapshots\ssf2.png</Snapshot></StepStruct><StepStruct><ID>5</ID><VBScript>SAPGuiSession("Session").SAPGuiWindow("User Maintenance: Initial").SAPGuiButton("Change Password   (Shift+F8)").Click </VBScript><HighlightID>26</HighlightID><Snapshot>.\Snapshots\ssf2.png</Snapshot></StepStruct><StepStruct><ID>6</ID><VBScript>SAPGuiSession("Session").SAPGuiWindow("Change Password").SAPGuiEdit("New Password").Set Parameter("password")</VBScript><HighlightID>12</HighlightID><Snapshot>.\Snapshots\ssf3.png</Snapshot></StepStruct><StepStruct><ID>7</ID><VBScript>SAPGuiSession("Session").SAPGuiWindow("Change Password").SAPGuiEdit("Repeat Password").Set Parameter("password")</VBScript><HighlightID>13</HighlightID><Snapshot>.\Snapshots\ssf3.png</Snapshot></StepStruct><StepStruct><ID>8</ID><VBScript>SAPGuiSession("Session").SAPGuiWindow("Change Password").SAPGuiEdit("Repeat Password").SetFocus </VBScript><HighlightID>13</HighlightID><Snapshot>.\Snapshots\ssf3.png</Snapshot></StepStruct><StepStruct><ID>9</ID><VBScript>SAPGuiSession("Session").SAPGuiWindow("Change Password").SAPGuiButton("Apply   (Enter)").Click </VBScript><HighlightID>2</HighlightID><Snapshot>.\Snapshots\ssf3.png</Snapshot></StepStruct><StepStruct><ID>10</ID><VBScript>SAPGuiSession("Session").SAPGuiWindow("User Maintenance: Initial").SAPGuiStatusBar("StatusBar").Sync </VBScript><HighlightID>1</HighlightID><Snapshot>.\Snapshots\ssf4.png</Snapshot></StepStruct><StepStruct><ID>11</ID><VBScript>SAPGuiSession("Session").SAPGuiWindow("User Maintenance: Initial").SAPGuiStatusBar("StatusBar").Output CheckPoint("status")</VBScript><HighlightID/><Snapshot/></StepStruct><StepStruct><ID>12</ID><VBScript>SAPGuiSession("Session").SAPGuiWindow("User Maintenance: Initial").SAPGuiStatusBar("StatusBar").Sync </VBScript><HighlightID>1</HighlightID><Snapshot>.\Snapshots\ssf5.png</Snapshot></StepStruct></Steps><Parameters><ParamStruct><Name>user</Name><Direction>Input</Direction><Type>String</Type><DefaultValueString/></ParamStruct><ParamStruct><Name>password</Name><Direction>Input</Direction><Type>String</Type><DefaultValueString/></ParamStruct><ParamStruct><Name>status</Name><Direction>Output</Direction><Type>String</Type><DefaultValueString>${status}</DefaultValueString></ParamStruct></Parameters></ActionStruct>