<ActionStruct xmlns:xsi="http://www.w3.org/2001/XMLSchema-instance" xmlns:xsd="http://www.w3.org/2001/XMLSchema"><Steps><StepStruct><ID>1</ID><VBScript>SAPGuiSession("Session").SAPGuiWindow("SAP Easy Access").Resize 103,25</VBScript><HighlightID/><Snapshot/></StepStruct><StepStruct><ID>2</ID><VBScript>SAPGuiSession("Session").SAPGuiWindow("SAP Easy Access").SAPGuiOKCode("OKCode").Set "su01"</VBScript><HighlightID>21</HighlightID><Snapshot>.\Snapshots\ssf1.png</Snapshot></StepStruct><StepStruct><ID>3</ID><VBScript>SAPGuiSession("Session").SAPGuiWindow("SAP Easy Access").SendKey ENTER</VBScript><HighlightID>0</HighlightID><Snapshot>.\Snapshots\ssf1.png</Snapshot></StepStruct><StepStruct><ID>4</ID><VBScript>SAPGuiSession("Session").SAPGuiWindow("User Maintenance: Initial").SAPGuiEdit("User").Set Parameter("username")</VBScript><HighlightID>32</HighlightID><Snapshot>.\Snapshots\ssf2.png</Snapshot></StepStruct><StepStruct><ID>5</ID><VBScript>SAPGuiSession("Session").SAPGuiWindow("User Maintenance: Initial").SAPGuiButton("Create   (F8)").Click </VBScript><HighlightID>29</HighlightID><Snapshot>.\Snapshots\ssf2.png</Snapshot></StepStruct><StepStruct><ID>6</ID><VBScript>SAPGuiSession("Session").SAPGuiWindow("Maintain Users").SAPGuiEdit("Last name").Set Parameter("last_name")</VBScript><HighlightID>48</HighlightID><Snapshot>.\Snapshots\ssf3.png</Snapshot></StepStruct><StepStruct><ID>7</ID><VBScript>SAPGuiSession("Session").SAPGuiWindow("Maintain Users").SAPGuiEdit("First name").Set Parameter("first_name")</VBScript><HighlightID>47</HighlightID><Snapshot>.\Snapshots\ssf3.png</Snapshot></StepStruct><StepStruct><ID>8</ID><VBScript>SAPGuiSession("Session").SAPGuiWindow("Maintain Users").SAPGuiEdit("E-Mail Address").Set Parameter("email")</VBScript><HighlightID>44</HighlightID><Snapshot>.\Snapshots\ssf3.png</Snapshot></StepStruct><StepStruct><ID>9</ID><VBScript>SAPGuiSession("Session").SAPGuiWindow("Maintain Users").SAPGuiEdit("E-Mail Address").SetFocus </VBScript><HighlightID>44</HighlightID><Snapshot>.\Snapshots\ssf3.png</Snapshot></StepStruct><StepStruct><ID>10</ID><VBScript>SAPGuiSession("Session").SAPGuiWindow("Maintain Users").SAPGuiTabStrip("TABSTRIP1").Select "Logon Data"</VBScript><HighlightID>26</HighlightID><Snapshot>.\Snapshots\ssf3.png</Snapshot></StepStruct><StepStruct><ID>11</ID><VBScript>SAPGuiSession("Session").SAPGuiWindow("Maintain Users").SAPGuiEdit("New Password").Set Parameter("password")</VBScript><HighlightID>42</HighlightID><Snapshot>.\Snapshots\ssf4.png</Snapshot></StepStruct><StepStruct><ID>12</ID><VBScript>SAPGuiSession("Session").SAPGuiWindow("Maintain Users").SAPGuiEdit("Repeat Password").Set Parameter("password")</VBScript><HighlightID>43</HighlightID><Snapshot>.\Snapshots\ssf4.png</Snapshot></StepStruct><StepStruct><ID>13</ID><VBScript>SAPGuiSession("Session").SAPGuiWindow("Maintain Users").SAPGuiEdit("Repeat Password").SetFocus </VBScript><HighlightID>43</HighlightID><Snapshot>.\Snapshots\ssf4.png</Snapshot></StepStruct><StepStruct><ID>14</ID><VBScript>SAPGuiSession("Session").SAPGuiWindow("Maintain Users").SAPGuiButton("Save   (Ctrl+S)").Click </VBScript><HighlightID>6</HighlightID><Snapshot>.\Snapshots\ssf4.png</Snapshot></StepStruct><StepStruct><ID>15</ID><VBScript>SAPGuiSession("Session").SAPGuiWindow("User Maintenance: Initial").SAPGuiStatusBar("StatusBar").Output CheckPoint("user_status")</VBScript><HighlightID/><Snapshot/></StepStruct><StepStruct><ID>16</ID><VBScript>SAPGuiSession("Session").SAPGuiWindow("User Maintenance: Initial").SAPGuiStatusBar("StatusBar").Sync </VBScript><HighlightID>1</HighlightID><Snapshot>.\Snapshots\ssf5.png</Snapshot></StepStruct><StepStruct><ID>17</ID><VBScript>SAPGuiSession("Session").SAPGuiWindow("User Maintenance: Initial").SAPGuiStatusBar("StatusBar").Sync </VBScript><HighlightID>1</HighlightID><Snapshot>.\Snapshots\ssf6.png</Snapshot></StepStruct></Steps><Parameters><ParamStruct><Name>username</Name><Direction>Input</Direction><Type>String</Type><DefaultValueString/></ParamStruct><ParamStruct><Name>first_name</Name><Direction>Input</Direction><Type>String</Type><DefaultValueString/></ParamStruct><ParamStruct><Name>last_name</Name><Direction>Input</Direction><Type>String</Type><DefaultValueString/></ParamStruct><ParamStruct><Name>email</Name><Direction>Input</Direction><Type>String</Type><DefaultValueString/></ParamStruct><ParamStruct><Name>password</Name><Direction>Input</Direction><Type>String</Type><DefaultValueString/></ParamStruct><ParamStruct><Name>user_status</Name><Direction>Output</Direction><Type>String</Type><DefaultValueString>${user_status}</DefaultValueString></ParamStruct></Parameters></ActionStruct>